{
  "nll": -2.369438026179906,
  "ade": 0.4686376750469208,
  "fde": 0.4685702919960022,
  "min_ade": 0.4686111509799957,
  "min_fde": 0.4685383439064026,
  "hausdorff": 1.4118578415070762,
  "dtw": 1.8745504149156313,
  "pearson_cluster": 0.9995642070620648,
  "chi_squared": 101396.52649825426,
  "coverage_50": 0.8519389907512575,
  "coverage_68": 0.8932299142525494,
  "coverage_90": 0.9386124077934073,
  "coverage_95": 0.9509370436475743,
  "coverage_99": 0.9674304784133602
}